metric,value
annualized_return,0.16682200197818617
annualized_volatility,0.21929354029038745
sharpe_ratio,0.7607246513384812
max_drawdown,-0.2308683776968986
win_rate,0.6346153846153846
