metric,value
average_long_return,0.046877321749215294
average_short_return,0.02383372066728493
average_spread,0.02304360108193037
max_drawdown,-0.3344514252799826
win_rate,0.5576923076923077
annualized_volatility,2.478489447726766
