{
    "mean_return": 0.4502839373157613,
    "volatility": 4.971727937067736,
    "sharpe": 0.0905689013991649,
    "max_drawdown": -0.9277471308686482
}