{
    "mean_return": 0.4033879328721781,
    "volatility": 4.576167827260141,
    "sharpe": 0.08814972441989653,
    "max_drawdown": -0.9960903370792815
}