metric,value
mean_return,0.05000638588626161
volatility,0.11494168373094685
sharpe,0.4350587555626516
max_drawdown,-0.2436424918858855
positive_rate,0.4220689655172414
average_exposure,0.45655172413793105
