regime,observations,annualized_return,annualized_volatility,sharpe_ratio,max_drawdown,win_rate
1,52,0.16682200197818617,0.21929354029038745,0.7607246513384812,-0.2308683776968986,0.6346153846153846
