{
    "meta_accuracy": 0.9458436822913914,
    "meta_log_loss": 0.10324179399047384,
    "trade_participation_rate": 0.049453046557099825,
    "trade_improvement": 0.18665027992585093
}