feature,importance
volatility_21d,0.41747913
daily_range,0.3156538
momentum_252d,0.12201501
dist_sma_200,0.07408814
momentum_63d,0.07076389
