model,accuracy,log_loss,sharpe_proxy,ensemble_weight
xgboost,0.5933969243777414,0.9222405767648856,0.6434296422516019,0.33261824640219234
random_forest,0.5972414522010252,0.9201363702432781,0.6490792794584551,0.3345027371547888
extra_trees,0.6004333350948581,0.9320411575716068,0.6442133270801703,0.33287901644301887
