{
    "ensemble_accuracy": 0.6003619933414364,
    "ensemble_log_loss": 0.9187558267708392,
    "features": [
        "volatility_21d",
        "daily_range",
        "momentum_252d",
        "dist_sma_200",
        "momentum_63d"
    ],
    "weights": {
        "xgboost": 0.33261824640219234,
        "random_forest": 0.3345027371547888,
        "extra_trees": 0.33287901644301887
    }
}